model,grade,MAE,RMSE,R2
gam_pred,grade_3,6.4582991973866966,8.248989052806007,0.5613985416714304
gam_pred,grade_5,4.397252696018761,6.08249699316863,0.7065629277256442
gbr_pred,grade_3,7.188153203506122,9.273021581974652,0.44574303674421667
gbr_pred,grade_5,6.963753142274905,9.062494060976414,0.34860166371686063
